keys,en
MISS,Miss
SHEET_TITLE,Character
SHEET_LEVEL,Level {level}
SHEET_XP,{xp} / {needed} XP
SHEET_STATS,Stats
SHEET_DETAILS,Details
SHEET_HINT,Hover a line for details. C - close
SHEET_DEBUG_XP,+{amount} XP
STAT_STRENGTH,Strength
STAT_AGILITY,Agility
STAT_VITALITY,Vitality
STAT_INTELLIGENCE,Intelligence
STAT_PERCEPTION,Perception
STAT_LUCK,Luck
STAT_STRENGTH_DESC,"Raw power. You hit harder, push enemies farther, take less damage and carry more."
STAT_AGILITY_DESC,"Speed and reflexes. You attack and move faster, enemies miss you more often and your dodge protects you longer."
STAT_VITALITY_DESC,"Toughness. More health and stamina, and poison wears off sooner."
STAT_INTELLIGENCE_DESC,"Mind. More mana for abilities, and a bit more damage."
STAT_PERCEPTION_DESC,"Sharp eyes. More critical hits, and you spot monsters and traps from farther away."
STAT_LUCK_DESC,"Fortune. It does nothing yet; its effects come later."
STAT_HEADER,{name} {value}:
EFFECT_DAMAGE,+{value}% damage
EFFECT_DEFENSE,+{value} defense
EFFECT_CARRY,+{value} carry weight
EFFECT_KNOCKBACK,+{value}% knockback
EFFECT_ATTACK_SPEED,+{value}% attack speed
EFFECT_MOVE_SPEED,+{value}% movement speed
EFFECT_EVADE,+{value}% chance that enemies miss you (max {max}%)
EFFECT_DODGE,+{value} s invulnerability when you dodge
EFFECT_HEALTH,+{value} health
EFFECT_STAMINA,+{value} stamina
EFFECT_POISON,-{value}% poison duration
EFFECT_MANA,+{value} mana
EFFECT_CRIT,+{value}% critical chance
EFFECT_SIGHT,+{value} tiles sight radius
EFFECT_NONE,No effect yet.
DERIVED_HEALTH,Health
DERIVED_STAMINA,Stamina
DERIVED_MANA,Mana
DERIVED_DEFENSE,Defense
DERIVED_DAMAGE,Damage bonus
DERIVED_ATTACK_SPEED,Attack speed
DERIVED_MOVE_SPEED,Movement speed
DERIVED_EVADE,Enemies miss you
DERIVED_DODGE,Dodge invulnerability
DERIVED_CRIT,Critical chance
DERIVED_SIGHT,Sight radius
DERIVED_KNOCKBACK,Knockback
DERIVED_CARRY,Carry weight
DERIVED_POISON,Poison duration
DERIVED_HEALTH_FROM,"From Vitality: {base} + {per} per point. Vitality {stat} gives {value}."
DERIVED_STAMINA_FROM,"From Vitality: {base} + {per} per point. Vitality {stat} gives {value}."
DERIVED_MANA_FROM,"From Intelligence: {base} + {per} per point. Intelligence {stat} gives {value}."
DERIVED_DEFENSE_FROM,"From Strength: {per} per point. You take {taken}% of the damage (damage x 100 / (100 + defense))."
DERIVED_DAMAGE_FROM,"From Strength (+{strength}%), Agility (+{agility}%), Intelligence (+{intelligence}%) and Perception (+{perception}%)."
DERIVED_ATTACK_SPEED_FROM,"From Agility: +{per}% per point."
DERIVED_MOVE_SPEED_FROM,"From Agility: +{per}% per point, no limit."
DERIVED_EVADE_FROM,"From Agility: {per}% per point, at most {max}%."
DERIVED_DODGE_FROM,"From Agility: {base} s + {per} s per point."
DERIVED_CRIT_FROM,"From Perception: {per}% per point. Critical hits do {critical}% damage."
DERIVED_SIGHT_FROM,"From Perception: {base} + {per} tiles per point. You see monsters (and traps, later) this far."
DERIVED_KNOCKBACK_FROM,"From Strength: +{per}% per point."
DERIVED_CARRY_FROM,"From Strength: {base} + {per} per point."
DERIVED_POISON_FROM,"From Vitality: -{per}% per point, but poison lasts at least {min}% of its time."
