id,name,slot,tier,role,set_id,sprite,source,overrides
torso_longsleeve,Shirt,torso,1,cloth,,torso_longsleeve,start,
torso_sleeveless,Sleeveless shirt,torso,1,cloth,,torso_sleeveless,shop_general,
torso_leather,Leather armor,torso,2,leather,hunter,torso_leather,shop_smithy,
torso_goblin_vest,Goblin hide vest,torso,2,leather,goblin_raider,torso_leather,drop_goblin,
legs_pants,Pants,legs,1,cloth,,legs_pants,start,
legs_pantaloons,Pantaloons,legs,1,cloth,,legs_pantaloons,shop_general,
legs_leggings,Leggings,legs,2,leather,hunter,legs_leggings,shop_smithy,
legs_goblin_wraps,Goblin leg wraps,legs,2,leather,goblin_raider,legs_leggings,drop_goblin,
feet_shoes,Shoes,feet,1,cloth,,feet_shoes,start,
feet_boots,Boots,feet,2,leather,hunter,feet_boots,shop_smithy,
feet_boots_rim,Rimmed boots,feet,2,leather,,feet_boots_rim,shop_smithy,
feet_goblin_boots,Goblin boots,feet,2,leather,goblin_raider,feet_boots_rim,drop_goblin,
helmet_nasal,Nasal helmet,helmet,2,plate,hunter,helmet_nasal,shop_smithy,
helmet_kettle,Kettle helmet,helmet,3,plate,,helmet_kettle,drop_goblin,
weapon_dagger,Dagger,weapon,1,light,,weapon_dagger,shop_smithy,
weapon_sword,Arming sword,weapon,1,balanced,,weapon_sword,start,
weapon_spear,Spear,weapon,2,reach,,weapon_spear,shop_smithy,
weapon_axe,War axe,weapon,2,heavy,,weapon_axe,shop_smithy,
weapon_goblin_knife,Goblin knife,weapon,2,light,goblin_raider,weapon_dagger,drop_goblin,
weapon_hunter_spear,Hunter's spear,weapon,3,reach,hunter,weapon_spear,drop_forest,
