slot,tier,strength,agility,magic,intelligence,perception,luck,health,mana,defense,evade,damage,magic_damage,attack_speed,crit_chance,crit_damage,knockback,move_speed,exhaustion_gain,carry_weight,light_radius,sight_radius,weight,price
body,F,0,0,0,0,0,0,5,0,0,0,0,0,0,0,0,0,0,0,0,0,0,0,0
body,D,0,0,0,0,0,0,8,0,0,0,0,0,0,0,0,0,0,0,0,0,0,0,0
body,C,0,0,0,0,0,0,12,0,0,0,0,0,0,0,0,0,0,0,0,0,0,0,0
body,B,0,0,0,0,0,0,17,0,0,0,0,0,0,0,0,0,0,0,0,0,0,0,0
body,A,0,0,0,0,0,0,23,0,0,0,0,0,0,0,0,0,0,0,0,0,0,0,0
body,S,0,0,0,0,0,0,30,0,0,0,0,0,0,0,0,0,0,0,0,0,0,0,0
pants,F,0,0,0,0,0,0,0,0,0,0,0,0,0,0,0,0,0,-0.01,2,0,0,0,0
pants,D,0,0,0,0,0,0,0,0,0,0,0,0,0,0,0,0,0,-0.016,3,0,0,0,0
pants,C,0,0,0,0,0,0,0,0,0,0,0,0,0,0,0,0,0,-0.024,5,0,0,0,0
pants,B,0,0,0,0,0,0,0,0,0,0,0,0,0,0,0,0,0,-0.034,7,0,0,0,0
pants,A,0,0,0,0,0,0,0,0,0,0,0,0,0,0,0,0,0,-0.046,9,0,0,0,0
pants,S,0,0,0,0,0,0,0,0,0,0,0,0,0,0,0,0,0,-0.06,12,0,0,0,0
boots,F,0,0,0,0,0,0,0,0,0,0,0,0,0,0,0,0,0.02,0,0,0,0,0,0
boots,D,0,0,0,0,0,0,0,0,0,0,0,0,0,0,0,0,0.032,0,0,0,0,0,0
boots,C,0,0,0,0,0,0,0,0,0,0,0,0,0,0,0,0,0.048,0,0,0,0,0,0
boots,B,0,0,0,0,0,0,0,0,0,0,0,0,0,0,0,0,0.068,0,0,0,0,0,0
boots,A,0,0,0,0,0,0,0,0,0,0,0,0,0,0,0,0,0.092,0,0,0,0,0,0
boots,S,0,0,0,0,0,0,0,0,0,0,0,0,0,0,0,0,0.12,0,0,0,0,0,0
helmet,F,0,0,0,0,0,0,0,0,0,0,0,0,0,0,0,0,0,0,0,3,4,0,0
helmet,D,0,0,0,0,0,0,0,0,0,0,0,0,0,0,0,0,0,0,0,5,6,0,0
helmet,C,0,0,0,0,0,0,0,0,0,0,0,0,0,0,0,0,0,0,0,7,10,0,0
helmet,B,0,0,0,0,0,0,0,0,0,0,0,0,0,0,0,0,0,0,0,10,14,0,0
helmet,A,0,0,0,0,0,0,0,0,0,0,0,0,0,0,0,0,0,0,0,14,18,0,0
helmet,S,0,0,0,0,0,0,0,0,0,0,0,0,0,0,0,0,0,0,0,18,24,0,0
gloves,F,0,0,0,0,0,0,0,0,0,0,0,0,0.02,0.005,0,0,0,0,0,0,0,0,0
gloves,D,0,0,0,0,0,0,0,0,0,0,0,0,0.032,0.008,0,0,0,0,0,0,0,0,0
gloves,C,0,0,0,0,0,0,0,0,0,0,0,0,0.048,0.012,0,0,0,0,0,0,0,0,0
gloves,B,0,0,0,0,0,0,0,0,0,0,0,0,0.068,0.017,0,0,0,0,0,0,0,0,0
gloves,A,0,0,0,0,0,0,0,0,0,0,0,0,0.092,0.023,0,0,0,0,0,0,0,0,0
gloves,S,0,0,0,0,0,0,0,0,0,0,0,0,0.12,0.03,0,0,0,0,0,0,0,0,0
amulet,F,0,0,0,0,0,0,0,3,0,0,0,0.02,0,0,0,0,0,0,0,0,0,0,0
amulet,D,0,0,0,0,0,0,0,5,0,0,0,0.032,0,0,0,0,0,0,0,0,0,0,0
amulet,C,0,0,0,0,0,0,0,7,0,0,0,0.048,0,0,0,0,0,0,0,0,0,0,0
amulet,B,0,0,0,0,0,0,0,10,0,0,0,0.068,0,0,0,0,0,0,0,0,0,0,0
amulet,A,0,0,0,0,0,0,0,14,0,0,0,0.092,0,0,0,0,0,0,0,0,0,0,0
amulet,S,0,0,0,0,0,0,0,18,0,0,0,0.12,0,0,0,0,0,0,0,0,0,0,0
ring,F,0,0,0,0,0,0,0,0,0,0,0,0,0,0,0.03,0,0,0,0,0,0,0,0
ring,D,0,0,0,0,0,0,0,0,0,0,0,0,0,0,0.048,0,0,0,0,0,0,0,0
ring,C,0,0,0,0,0,0,0,0,0,0,0,0,0,0,0.072,0,0,0,0,0,0,0,0
ring,B,0,0,0,0,0,0,0,0,0,0,0,0,0,0,0.102,0,0,0,0,0,0,0,0
ring,A,0,0,0,0,0,0,0,0,0,0,0,0,0,0,0.138,0,0,0,0,0,0,0,0
ring,S,0,0,0,0,0,0,0,0,0,0,0,0,0,0,0.18,0,0,0,0,0,0,0,0
