role,tier,bonuses
cloth,1,defense=2
cloth,2,defense=4;evade=0.01
cloth,3,defense=6;evade=0.02
leather,1,defense=4
leather,2,defense=7
leather,3,defense=10;evade=0.01
plate,1,defense=7;move_speed=-0.04
plate,2,defense=11;move_speed=-0.04
plate,3,defense=16;move_speed=-0.03
light,1,damage=0.05;attack_speed=0.15
light,2,damage=0.1;attack_speed=0.18
light,3,damage=0.15;attack_speed=0.2
balanced,1,damage=0.1;attack_speed=0.05
balanced,2,damage=0.18;attack_speed=0.06
balanced,3,damage=0.26;attack_speed=0.08
heavy,1,damage=0.25;attack_speed=-0.15;knockback=0.3
heavy,2,damage=0.35;attack_speed=-0.15;knockback=0.4
heavy,3,damage=0.45;attack_speed=-0.12;knockback=0.5
reach,1,damage=0.15;knockback=0.1
reach,2,damage=0.22;knockback=0.15
reach,3,damage=0.3;knockback=0.2
